t,tpd,wass,weekday
0,1.4166666666666665,5.431390245600108,Monday
1,0.9749999999999999,6.2048368229954285,Tuesday
2,0.6666666666666665,5.338539126015656,Wednesday
3,1.65,4.847679857416329,Thursday
4,1.2583333333333333,8.215838362577493,Friday
5,0.0,2.5495097567963927,Saturday
6,0.0,8.514693182963201,Sunday
7,0.5833333333333335,5.7445626465380295,Monday
8,1.2261904761904763,5.958187643906492,Tuesday
9,1.222222222222222,5.522680508593631,Wednesday
10,0.46666666666666645,6.855654600401045,Thursday
11,0.0,0.0,Friday
12,0.0,5.04975246918104,Saturday
13,0.0,8.246211251235321,Sunday
14,1.565909090909091,4.743416490252569,Monday
15,1.5694444444444444,4.949747468305833,Tuesday
16,0.2916666666666665,5.656854249492381,Wednesday
17,0.8833333333333332,5.830951894845301,Thursday
18,0.5666666666666669,9.460443964212251,Friday
19,0.0,2.8284271247461903,Saturday
20,0.0,8.396427811873334,Sunday
21,0.6035714285714284,4.242640687119285,Monday
22,1.7880952380952375,5.196152422706632,Tuesday
23,0.0,4.743416490252569,Wednesday
24,0.7833333333333332,5.338539126015656,Thursday
25,1.0750000000000004,7.842193570679061,Friday
26,0.0,4.47213595499958,Saturday
27,0.0,8.573214099741124,Sunday
28,1.253787878787879,6.782329983125268,Monday
29,0.7126984126984128,4.301162633521313,Tuesday
30,0.30000000000000004,5.612486080160912,Wednesday
31,3.035714285714286,6.59545297913646,Thursday
32,0.95,5.787918451395113,Friday
33,0.0,2.7386127875258306,Saturday
34,0.0,7.874007874011811,Sunday
35,1.1333333333333333,6.324555320336759,Monday
36,0.1666666666666663,5.385164807134505,Tuesday
37,0.5500000000000003,6.164414002968976,Wednesday
38,0.8666666666666669,4.743416490252569,Thursday
39,0.3333333333333335,8.031189202104507,Friday
40,0.0,4.79583152331272,Saturday
41,0.0,7.968688725254614,Sunday
42,0.5904761904761902,4.847679857416329,Monday
43,0.5000000000000004,5.0990195135927845,Tuesday
44,0.4666666666666668,5.70087712549569,Wednesday
45,0.5000000000000001,5.431390245600108,Thursday
46,2.063888888888889,6.782329983125269,Friday
47,0.0,3.0822070014844885,Saturday
48,0.0,7.745966692414834,Sunday
49,0.0,5.916079783099616,Monday
50,1.2071428571428573,5.338539126015656,Tuesday
51,0.7611111111111111,6.4031242374328485,Wednesday
52,0.08333333333333348,6.670832032063167,Thursday
53,0.16666666666666674,7.416198487095664,Friday
54,0.0,4.183300132670378,Saturday
55,0.0,6.244997998398398,Sunday
56,0.4055555555555559,4.795831523312719,Monday
57,0.5909090909090904,4.847679857416329,Tuesday
58,0.7499999999999998,5.049752469181039,Wednesday
59,0.5333333333333332,6.48074069840786,Thursday
60,0.9226190476190479,7.582875444051551,Friday
61,0.0,3.8729833462074175,Saturday
62,0.0,8.154753215150045,Sunday
63,0.5749999999999998,5.196152422706632,Monday
64,2.241666666666667,4.949747468305833,Tuesday
65,0.5,7.416198487095664,Wednesday
66,0.0,1.4142135623730951,Thursday
67,0.0,0.0,Friday
68,0.0,0.0,Saturday
69,0.0,0.0,Sunday
70,0.0,0.0,Monday
71,0.0,0.0,Tuesday
72,0.0,0.0,Wednesday
73,0.0,0.0,Thursday
74,0.0,0.0,Friday
75,0.0,4.582575694955841,Saturday
76,0.0,7.4833147735478835,Sunday
77,0.5000000000000002,5.958187643906492,Monday
78,1.0333333333333334,4.69041575982343,Tuesday
79,1.3999999999999997,3.7416573867739413,Wednesday
80,0.7555555555555558,5.291502622129181,Thursday
81,0.5666666666666669,7.280109889280519,Friday
82,0.0,1.5811388300841898,Saturday
83,0.0,8.916277250063505,Sunday
84,1.1333333333333329,4.949747468305833,Monday
85,0.33686868686868654,4.743416490252569,Tuesday
86,0.8333333333333333,4.949747468305833,Wednesday
87,1.3761904761904762,7.713624310270756,Thursday
88,1.0178571428571428,7.516648189186455,Friday
89,0.0,5.7445626465380295,Saturday
90,0.0,9.192388155425117,Sunday
91,0.5909090909090906,4.242640687119285,Monday
92,0.49999999999999956,5.656854249492381,Tuesday
93,1.307843137254902,4.301162633521313,Wednesday
94,0.7444444444444442,6.2048368229954285,Thursday
95,0.6499999999999999,8.031189202104507,Friday
96,0.0,4.358898943540674,Saturday
97,0.0,7.516648189186455,Sunday
98,0.5833333333333335,4.06201920231798,Monday
99,1.0416666666666665,4.636809247747852,Tuesday
100,0.75,4.847679857416329,Wednesday
101,0.0,5.049752469181039,Thursday
102,0.5833333333333334,4.847679857416329,Friday
103,0.0,3.8078865529319543,Saturday
104,0.0,8.774964387392123,Sunday
105,1.8988095238095242,5.196152422706632,Monday
106,0.022222222222222587,5.0990195135927845,Tuesday
107,0.8333333333333333,4.69041575982343,Wednesday
108,0.9416666666666662,4.47213595499958,Thursday
109,0.8095238095238095,7.14142842854285,Friday
110,0.0,7.035623639735145,Saturday
111,0.0,8.660254037844387,Sunday
112,0.3833333333333333,5.522680508593631,Monday
113,0.7166666666666669,4.183300132670378,Tuesday
114,1.188888888888889,4.949747468305833,Wednesday
115,1.1654761904761903,5.522680508593631,Thursday
116,0.6583333333333332,8.514693182963201,Friday
117,0.0,4.183300132670378,Saturday
118,0.0,6.557438524302001,Sunday
119,0.7500000000000002,6.164414002968976,Monday
120,0.6666666666666665,4.123105625617661,Tuesday
121,0.18181818181818166,4.636809247747852,Wednesday
122,0.44999999999999996,4.47213595499958,Thursday
123,0.5909090909090908,6.6332495807108,Friday
124,0.0,5.787918451395114,Saturday
125,0.0,6.363961030678928,Sunday
126,2.325,4.183300132670378,Monday
127,1.4904761904761905,5.477225575051661,Tuesday
128,0.0,7.905694150420949,Wednesday
129,2.1385780885780883,7.211102550927979,Thursday
130,0.8317460317460317,8.06225774829855,Friday
131,0.0,3.5355339059327378,Saturday
132,0.0,8.306623862918075,Sunday
133,2.233333333333333,3.24037034920393,Monday
134,0.7793650793650793,5.385164807134504,Tuesday
135,2.3945665445665445,6.519202405202649,Wednesday
136,1.4238095238095245,6.782329983125268,Thursday
137,1.1761904761904765,7.000000000000001,Friday
138,0.04999999999999999,3.3911649915626345,Saturday
139,0.0,8.306623862918075,Sunday
140,1.502554961378491,4.358898943540674,Monday
141,0.0,4.898979485566357,Tuesday
142,1.9610389610389616,3.464101615137755,Wednesday
143,0.3500000000000001,5.70087712549569,Thursday
144,0.9460317460317462,5.916079783099617,Friday
145,0.0,3.0000000000000004,Saturday
146,0.0,7.842193570679061,Sunday
147,0.8333333333333333,5.612486080160912,Monday
148,1.658333333333333,4.847679857416329,Tuesday
149,0.4166666666666665,4.183300132670378,Wednesday
150,2.223809523809524,5.916079783099616,Thursday
151,0.6916666666666669,7.000000000000001,Friday
152,0.0,4.242640687119286,Saturday
153,0.0,5.744562646538029,Sunday
154,0.16666666666666674,6.244997998398399,Monday
155,3.096031746031746,7.176350047203662,Tuesday
156,0.7507575757575754,5.0990195135927845,Wednesday
157,1.5214285714285714,5.0990195135927845,Thursday
158,2.9226190476190474,7.3484692283495345,Friday
159,0.0,6.6332495807108005,Saturday
160,0.0,9.219544457292889,Sunday
161,1.5773809523809526,6.164414002968976,Monday
162,0.9404761904761902,4.183300132670378,Tuesday
163,0.4904761904761905,4.795831523312719,Wednesday
164,1.009920634920635,6.745368781616021,Thursday
165,0.6916666666666667,8.660254037844387,Friday
166,0.0,4.0,Saturday
167,0.0,6.92820323027551,Sunday
168,2.807393483709273,5.338539126015656,Monday
169,1.1904761904761902,6.2048368229954285,Tuesday
170,3.4603174603174605,3.0,Wednesday
171,1.0194444444444444,7.416198487095663,Thursday
172,0.5666666666666664,7.176350047203662,Friday
173,0.0,2.9154759474226504,Saturday
174,0.0,5.958187643906493,Sunday
175,0.0,7.905694150420949,Monday
176,1.1309523809523812,5.291502622129181,Tuesday
177,1.0999999999999996,6.123724356957945,Wednesday
178,0.7640692640692637,6.08276253029822,Thursday
179,0.16666666666666674,8.366600265340756,Friday
180,0.0,3.8078865529319543,Saturday
181,0.0,8.0,Sunday
182,1.5404761904761903,4.415880433163924,Monday
183,3.2126373626373637,5.916079783099617,Tuesday
184,0.9166666666666667,5.70087712549569,Wednesday
185,1.3595238095238098,5.70087712549569,Thursday
186,0.523809523809524,8.093207028119323,Friday
187,0.0,1.2247448713915892,Saturday
188,0.0,1.2247448713915892,Sunday
189,0.0,1.4142135623730951,Monday
190,0.0,6.3639610306789285,Tuesday
191,0.050000000000000044,3.082207001484488,Wednesday
192,0.33333333333333326,5.385164807134505,Thursday
193,0.41666666666666663,4.847679857416329,Friday
194,0.0,6.59545297913646,Saturday
195,0.0,8.031189202104505,Sunday
196,1.7222222222222223,7.211102550927979,Monday
197,1.5690476190476192,3.4641016151377544,Tuesday
198,2.0083333333333333,5.244044240850758,Wednesday
199,1.1666666666666665,6.928203230275509,Thursday
200,0.962698412698413,8.093207028119323,Friday
201,0.0,5.244044240850758,Saturday
202,0.1333333333333333,8.514693182963201,Sunday
203,1.6056277056277057,5.522680508593631,Monday
204,0.6090909090909091,4.242640687119285,Tuesday
205,0.5793650793650792,3.0822070014844885,Wednesday
206,0.9166666666666665,7.24568837309472,Thursday
207,0.33333333333333326,7.713624310270757,Friday
208,0.0,4.183300132670378,Saturday
209,0.0,8.246211251235321,Sunday
210,2.9499999999999997,3.6742346141747673,Monday
211,1.0345238095238092,4.06201920231798,Tuesday
212,1.4309523809523812,5.196152422706632,Wednesday
213,1.1944444444444442,6.2048368229954285,Thursday
214,0.5,7.937253933193772,Friday
215,0.0,5.385164807134505,Saturday
216,0.0,6.892024376045112,Sunday
217,3.393650793650793,4.415880433163924,Monday
218,0.0,5.385164807134505,Tuesday
219,0.2666666666666666,4.123105625617661,Wednesday
220,2.047619047619048,5.873670062235365,Thursday
221,0.09999999999999964,8.573214099741124,Friday
222,0.0,5.244044240850758,Saturday
223,0.0,8.062257748298551,Sunday
224,2.2317460317460314,4.847679857416329,Monday
225,1.7539682539682535,5.244044240850758,Tuesday
226,2.383658008658008,6.08276253029822,Wednesday
227,1.2800865800865802,4.79583152331272,Thursday
228,1.5238095238095244,7.416198487095663,Friday
229,0.0,5.477225575051661,Saturday
230,0.0,8.514693182963201,Sunday
231,1.701190476190476,6.708203932499369,Monday
232,2.0166666666666657,4.0,Tuesday
233,1.0777777777777777,6.4031242374328485,Wednesday
234,2.6499999999999995,6.324555320336759,Thursday
235,1.7416666666666663,6.403124237432849,Friday
236,0.0,11.335784048754634,Saturday
237,0.0,18.16590212458495,Sunday
238,0.5128205128205126,11.180339887498949,Monday
239,0.7317099567099568,11.61895003862225,Tuesday
240,0.22499999999999998,5.477225575051661,Wednesday
241,0.8999999999999999,10.931605554537724,Thursday
242,0.8250000000000004,14.247806848775008,Friday
243,0.0,2.345207879911715,Saturday
244,0.0,7.0710678118654755,Sunday
245,0.23214285714285676,4.242640687119286,Monday
246,3.092857142857142,4.358898943540674,Tuesday
247,0.7250000000000001,4.743416490252569,Wednesday
248,1.02111801242236,6.670832032063167,Thursday
249,0.0,1.7320508075688774,Friday
250,0.0,2.7386127875258306,Saturday
251,0.0,6.557438524302001,Sunday
252,0.5833333333333336,4.58257569495584,Monday
253,1.494444444444444,5.830951894845301,Tuesday
254,0.3921568627450982,4.358898943540674,Wednesday
255,1.6071428571428579,5.0,Thursday
256,0.4333333333333337,7.516648189186455,Friday
257,0.0,1.5811388300841898,Saturday
258,0.0,7.3484692283495345,Sunday
259,0.27380952380952395,4.123105625617661,Monday
260,0.16666666666666674,4.898979485566356,Tuesday
261,0.16666666666666652,6.928203230275509,Wednesday
262,1.5833333333333333,4.636809247747852,Thursday
263,0.16666666666666674,3.872983346207417,Friday
264,0.0,6.519202405202649,Saturday
265,0.0,8.12403840463596,Sunday
266,0.4416666666666671,5.049752469181039,Monday
267,0.7333333333333332,4.183300132670378,Tuesday
268,0.6611111111111112,4.301162633521313,Wednesday
269,0.125,5.873670062235365,Thursday
270,0.033333333333333215,6.2048368229954285,Friday
271,0.0,1.2247448713915892,Saturday
272,0.0,5.916079783099617,Sunday
273,0.16666666666666674,7.516648189186455,Monday
274,0.5,5.338539126015656,Tuesday
275,0.25,5.338539126015656,Wednesday
276,0.0,5.830951894845301,Thursday
277,0.0,3.1622776601683795,Friday
278,0.0,2.23606797749979,Saturday
279,0.0,6.2048368229954285,Sunday
280,0.0,3.872983346207417,Monday
281,0.0,3.5355339059327378,Tuesday
282,0.0,2.6457513110645907,Wednesday
283,0.0,4.123105625617661,Thursday
284,0.0,3.24037034920393,Friday
285,0.0,1.0,Saturday
286,0.0,3.8078865529319543,Sunday
287,0.0,4.949747468305833,Monday
288,0.0,4.0,Tuesday
289,0.09999999999999987,2.9154759474226504,Wednesday
290,0.0,3.9370039370059056,Thursday
291,0.3181818181818181,2.9154759474226504,Friday
292,0.0,0.7071067811865476,Saturday
293,0.0,6.403124237432849,Sunday
294,0.5,4.898979485566357,Monday
295,0.28333333333333344,3.4641016151377544,Tuesday
296,0.0,4.183300132670378,Wednesday
297,0.0,2.6457513110645907,Thursday
298,0.0,4.636809247747852,Friday
299,0.0,0.0,Saturday
300,0.0,6.92820323027551,Sunday
301,0.48717948717948745,3.8078865529319543,Monday
302,0.3333333333333335,4.301162633521313,Tuesday
303,0.0,4.123105625617661,Wednesday
304,0.6904761904761906,3.3166247903554,Thursday
305,0.5333333333333333,5.873670062235366,Friday
306,0.0,1.5811388300841898,Saturday
307,0.0,7.3484692283495345,Sunday
308,0.16666666666666652,3.7416573867739418,Monday
309,0.16666666666666674,4.242640687119285,Tuesday
310,0.2500000000000002,4.847679857416329,Wednesday
311,0.16666666666666663,4.242640687119285,Thursday
312,0.4722222222222223,8.062257748298551,Friday
313,0.0,3.7416573867739418,Saturday
314,0.0,5.612486080160912,Sunday
315,1.5678571428571424,6.284902544988268,Monday
316,2.1750000000000007,5.916079783099616,Tuesday
317,2.884415584415584,5.958187643906492,Wednesday
318,2.09047619047619,5.099019513592785,Thursday
319,1.8221861471861478,6.670832032063167,Friday
320,0.0,4.69041575982343,Saturday
321,0.0,7.24568837309472,Sunday
322,1.7873015873015872,4.242640687119285,Monday
323,0.30000000000000004,6.164414002968977,Tuesday
324,1.0166666666666664,4.949747468305833,Wednesday
325,0.808531746031746,5.70087712549569,Thursday
326,0.4375000000000002,7.615773105863909,Friday
327,0.0,4.898979485566357,Saturday
328,0.0,7.516648189186455,Sunday
329,1.150793650793651,7.211102550927978,Monday
330,3.472619047619048,4.527692569068709,Tuesday
331,1.2373015873015871,5.291502622129181,Wednesday
332,1.8349206349206346,5.70087712549569,Thursday
333,0.7340909090909089,9.354143466934854,Friday
334,0.0,3.3166247903554003,Saturday
335,0.0,7.968688725254614,Sunday
336,1.4911184210526314,5.0,Monday
337,0.5824786324786324,4.69041575982343,Tuesday
338,1.8531135531135527,3.9370039370059056,Wednesday
339,1.1976190476190478,5.873670062235365,Thursday
340,1.7618437118437118,6.48074069840786,Friday
341,0.0,4.949747468305833,Saturday
342,0.16666666666666663,6.745368781616021,Sunday
343,2.435714285714285,3.9370039370059056,Monday
344,0.8583333333333332,5.244044240850758,Tuesday
345,1.0499999999999994,5.5677643628300215,Wednesday
346,1.8064542483660126,5.0,Thursday
347,0.30000000000000004,7.937253933193772,Friday
348,0.0,3.8078865529319543,Saturday
349,0.5416666666666667,7.842193570679061,Sunday
350,1.7897619047619047,5.0,Monday
351,1.2561147186147181,5.099019513592785,Tuesday
352,1.6785714285714284,5.5677643628300215,Wednesday
353,1.7833333333333332,6.123724356957945,Thursday
354,1.2944444444444443,7.416198487095664,Friday
355,0.0,3.872983346207417,Saturday
356,0.0,7.314369419163897,Sunday
357,2.479166666666666,5.385164807134505,Monday
358,1.6571428571428566,6.708203932499369,Tuesday
359,4.252777777777777,6.244997998398398,Wednesday
360,1.7214285714285715,6.000000000000001,Thursday
361,1.8761904761904757,6.164414002968976,Friday
362,0.0,3.6055512754639896,Saturday
363,0.0,9.1104335791443,Sunday
364,1.9698412698412697,5.0990195135927845,Monday
365,2.219047619047619,4.949747468305833,Tuesday
366,2.357142857142857,4.949747468305833,Wednesday
367,1.7158730158730162,5.522680508593631,Thursday
368,1.2150162337662334,6.519202405202649,Friday
369,0.0,4.358898943540674,Saturday
370,0.0,7.449832212875671,Sunday
371,1.7668498168498163,6.403124237432849,Monday
372,3.1392857142857142,5.196152422706632,Tuesday
373,2.7398989898989896,4.949747468305833,Wednesday
374,2.1166666666666663,6.442049363362563,Thursday
375,1.7301587301587305,7.681145747868609,Friday
376,0.0,2.0,Saturday
377,0.0,4.242640687119286,Sunday
378,0.0,9.273618495495704,Monday
379,2.3138888888888878,4.358898943540674,Tuesday
380,3.0738095238095227,4.636809247747852,Wednesday
381,0.7563492063492061,7.4833147735478835,Thursday
382,0.44013157894736854,7.211102550927979,Friday
383,0.0,5.830951894845301,Saturday
384,0.0,6.708203932499369,Sunday
385,3.5578431372549018,6.041522986797287,Monday
386,2.36024531024531,4.743416490252569,Tuesday
387,4.647452547452546,4.0,Wednesday
388,1.3914682539682541,5.431390245600108,Thursday
389,1.1777777777777776,9.219544457292887,Friday
390,0.0,2.449489742783178,Saturday
391,0.0,9.246621004453466,Sunday
392,1.4467171717171718,5.656854249492381,Monday
393,1.9528138528138521,5.385164807134504,Tuesday
394,1.454761904761905,8.514693182963201,Wednesday
395,0.0,4.949747468305833,Thursday
396,0.0,0.0,Friday
397,0.0,0.0,Saturday
398,0.0,2.5495097567963927,Sunday
399,0.0,2.8284271247461903,Monday
400,0.0,3.464101615137755,Tuesday
401,0.0,3.24037034920393,Wednesday
402,0.0,2.7386127875258306,Thursday
403,0.0,1.5811388300841898,Friday
404,0.0,1.0,Saturday
405,0.0,0.7071067811865476,Sunday
406,0.0,0.7071067811865476,Monday
407,0.0,1.4142135623730951,Tuesday
408,0.0,2.345207879911715,Wednesday
409,0.0,2.23606797749979,Thursday
410,0.0,0.7071067811865476,Friday
411,0.0,0.0,Saturday
412,0.0,0.0,Sunday
413,0.0,2.6457513110645907,Monday
414,0.0,2.8284271247461903,Tuesday
415,0.0,2.8284271247461903,Wednesday
416,0.0,1.4142135623730951,Thursday
417,0.0,1.4142135623730951,Friday
418,0.0,1.0,Saturday
419,0.0,1.4142135623730951,Sunday
420,0.13333333333333336,3.535533905932738,Monday
421,0.0,11.090536506409418,Tuesday
422,1.0000000000000002,5.291502622129181,Wednesday
423,3.5184523809523798,6.082762530298219,Thursday
424,0.29603174603174587,8.573214099741124,Friday
425,0.0,4.527692569068709,Saturday
426,0.0,8.154753215150045,Sunday
427,2.8364718614718614,5.291502622129181,Monday
428,1.7333333333333334,6.0,Tuesday
429,1.3719114219114217,7.0,Wednesday
430,1.102287581699346,5.196152422706632,Thursday
431,0.16666666666666674,9.899494936611665,Friday
432,0.0,1.2247448713915892,Saturday
433,0.0,0.0,Sunday
434,0.0,0.0,Monday
435,0.0,0.0,Tuesday
436,0.0,0.0,Wednesday
437,0.0,0.0,Thursday
438,0.0,0.0,Friday
439,0.0,6.08276253029822,Saturday
440,0.0,8.774964387392123,Sunday
441,1.1216108452950553,5.477225575051661,Monday
442,0.7619047619047614,8.093207028119323,Tuesday
443,2.6444521199840345,4.949747468305833,Wednesday
444,2.1341269841269837,6.2048368229954285,Thursday
445,2.276190476190475,8.831760866327848,Friday
446,0.0,6.519202405202649,Saturday
447,0.0,9.354143466934854,Sunday
448,2.216452991452992,5.567764362830022,Monday
449,2.148834498834499,4.358898943540674,Tuesday
450,1.29047619047619,6.442049363362563,Wednesday
451,1.3654761904761912,8.455767262643882,Thursday
452,1.0261904761904765,8.455767262643882,Friday
453,0.0,6.284902544988268,Saturday
454,0.0,8.54400374531753,Sunday
455,2.0194805194805197,5.244044240850758,Monday
456,2.28009768009768,5.958187643906493,Tuesday
457,2.2070707070707063,6.48074069840786,Wednesday
458,2.0575757575757576,5.958187643906493,Thursday
459,2.526587301587301,8.215838362577493,Friday
460,0.0,7.681145747868609,Saturday
461,0.0,8.774964387392123,Sunday
462,2.988982259570495,4.0,Monday
463,2.617857142857143,5.830951894845301,Tuesday
464,3.4714285714285715,5.0,Wednesday
465,2.569736842105263,6.745368781616021,Thursday
466,2.7476551226551225,9.1104335791443,Friday
467,0.0,6.244997998398398,Saturday
468,0.0,9.40744386111339,Sunday
469,2.9547508477075035,6.284902544988268,Monday
470,3.1651404151404146,6.4031242374328485,Tuesday
471,1.8027777777777774,5.291502622129181,Wednesday
472,2.894505494505494,6.244997998398398,Thursday
473,1.523809523809524,8.18535277187245,Friday
474,0.0,2.1213203435596424,Saturday
475,0.0,4.183300132670378,Sunday
476,0.5166666666666666,4.949747468305833,Monday
477,0.0,7.778174593052023,Tuesday
478,0.6763888888888889,4.79583152331272,Wednesday
479,1.325000000000001,6.244997998398398,Thursday
480,1.7942298929141036,7.905694150420948,Friday
481,0.0,5.099019513592785,Saturday
482,0.0,9.273618495495704,Sunday
483,3.9837301587301583,5.7445626465380295,Monday
484,2.0166666666666666,5.522680508593631,Tuesday
485,3.280555555555555,3.0000000000000004,Wednesday
486,3.6456349206349206,6.96419413859206,Thursday
487,0.7714285714285714,8.306623862918075,Friday
488,0.0,5.958187643906493,Saturday
489,0.0,8.573214099741124,Sunday
490,2.127777777777778,6.000000000000001,Monday
491,1.0476190476190477,5.1478150704935,Tuesday
492,3.982142857142856,6.082762530298219,Wednesday
493,3.455916305916305,5.70087712549569,Thursday
494,2.507142857142857,10.2469507659596,Friday
495,0.0,4.58257569495584,Saturday
496,0.0,7.810249675906655,Sunday
497,1.427777777777778,5.916079783099616,Monday
498,0.6428571428571429,6.819090848492928,Tuesday
499,2.1750000000000003,5.916079783099616,Wednesday
500,2.1664021164021166,5.522680508593631,Thursday
501,1.5166666666666668,8.062257748298551,Friday
502,0.0,6.92820323027551,Saturday
503,0.0,6.48074069840786,Sunday
504,2.621764346764346,5.787918451395113,Monday
505,2.6545604395604396,6.041522986797286,Tuesday
506,2.145970695970696,6.0,Wednesday
507,1.587362637362637,7.810249675906655,Thursday
508,2.867185592185592,10.2469507659596,Friday
509,0.0,3.9370039370059056,Saturday
510,0.16666666666666674,7.778174593052023,Sunday
511,4.030589731905521,6.4031242374328485,Monday
512,1.9547619047619047,6.782329983125268,Tuesday
513,3.3306471306471304,8.246211251235321,Wednesday
514,4.019919949331714,8.0,Thursday
515,1.2074175824175821,7.615773105863909,Friday
516,0.0,6.000000000000001,Saturday
517,0.0,9.219544457292887,Sunday
518,2.3257575757575766,4.847679857416329,Monday
519,3.1095598845598844,5.049752469181039,Tuesday
520,1.476190476190476,4.242640687119285,Wednesday
521,3.7413308913308914,6.442049363362563,Thursday
522,0.9777777777777779,9.0,Friday
523,0.0,1.7320508075688774,Saturday
524,0.0,0.7071067811865476,Sunday
